{"valueType":"nodes","values":[{"userEmail": "yangspirit@gmail.com", "authorCategory": "writer", "dislikes": 0, "likes": 0, "updatedAt": "2018-01-31T22:34:57.000Z", "_typeName": "Quote", "authorQuote": "Weeds are flowers too, once you get to know them.", "id": "cc743d66ce0e408c9a614b199", "createdAt": "2018-01-31T22:34:57.000Z", "author": "A. A. Milne", "imageUrl": "https://images.pexels.com/photos/440564/pexels-photo-440564.jpeg?h=350&auto=compress&cs=tinysrgb", "authorOccupation": "Novelist, playwright, poet", "authorBirthname": "Alan Alexander Milne", "authorBirthday": "18 January 1882", "authorBirthplace": "Kilburn, London, England"}]}